metric,combined,book1,book2
bigram_TTR,0.3019295875113407,0.347694208742894,0.3542156651127326
trigram_TTR,0.7114882126729255,0.7552748524091483,0.7558588055885717
